nom,prix,categorie,localisation
Pâtes penne blé complet CARREFOUR EXTRA,N/A,pates,Non spécifiée
Pâtes coquillettes blé complet CARREFOUR EXTRA,N/A,pates,Non spécifiée
Pâtes Coquilettes au Blé Complet Bio CARREFOUR BIO,N/A,pates,Non spécifiée
Pâtes fusilli blé complet bio CARREFOUR BIO,N/A,pates,Non spécifiée
Pâtes farfalle blé complet ALNATURA,N/A,pates,Non spécifiée
Spaghetti ALPINA,N/A,pates,Non spécifiée
Pâtes Tagliatelle blé noir IGP Bretagne MAISON HERMINE,N/A,pates,Non spécifiée
Pâtes spaghetti CARREFOUR,N/A,pates,Non spécifiée
Pâtes capellini CARREFOUR,N/A,pates,Non spécifiée
Pâtes linguine CARREFOUR,N/A,pates,Non spécifiée
Pâtes tagliatelles CARREFOUR,N/A,pates,Non spécifiée
pâtes alimentaires spaghetti CARREFOUR CLASSIC',N/A,pates,Non spécifiée
Pâtes spaghetti cuisson rapide CARREFOUR CLASSIC',N/A,pates,Non spécifiée
Pâtes spaghetti n°11 moule en bronze CARREFOUR ORIGINAL,N/A,pates,Non spécifiée
Pâtes spaghetti blé complet CARREFOUR EXTRA,N/A,pates,Non spécifiée
Pâtes d'Alsace Nids à l'Ancienne IGP REFLETS DE FRANCE,N/A,pates,Non spécifiée
Pâtes spätzle REFLETS DE FRANCE,N/A,pates,Non spécifiée
Pâtes papillons reflets de france REFLETS DE FRANCE,N/A,pates,Non spécifiée
Pâtes spaghetti bio CARREFOUR BIO,N/A,pates,Non spécifiée
Pâtes spaghetti semi-complets bio CARREFOUR BIO,N/A,pates,Non spécifiée
Pâtes Tagliatelle Bio CARREFOUR BIO,N/A,pates,Non spécifiée
Pâtes spaghetti sans gluten CARREFOUR NO GLUTEN !,N/A,pates,Non spécifiée
Pâtes spaghetti SIMPL,N/A,pates,Non spécifiée
Pâtes spaghetti n°5 BARILLA,N/A,pates,Non spécifiée
Pâtes capellini n°1 BARILLA,N/A,pates,Non spécifiée
Pâtes spaghettoni n°7 BARILLA,N/A,pates,Non spécifiée
Pâtes mafaldine collezione BARILLA,N/A,pates,Non spécifiée
Pâtes capellini n°1 BARILLA,N/A,pates,Non spécifiée
Pâtes spaghettini n°3 BARILLA,N/A,pates,Non spécifiée
Pâtes spaghetti n°5 BARILLA,N/A,pates,Non spécifiée
Pâtes penne blé complet CARREFOUR EXTRA,N/A,pates,75000 Paris
Pâtes coquillettes blé complet CARREFOUR EXTRA,N/A,pates,75000 Paris
Pâtes Coquilettes au Blé Complet Bio CARREFOUR BIO,N/A,pates,75000 Paris
Pâtes fusilli blé complet bio CARREFOUR BIO,N/A,pates,75000 Paris
Pâtes farfalle blé complet ALNATURA,N/A,pates,75000 Paris
Spaghetti ALPINA,N/A,pates,75000 Paris
Pâtes Tagliatelle blé noir IGP Bretagne MAISON HERMINE,N/A,pates,75000 Paris
Pâtes spaghetti CARREFOUR,N/A,pates,75000 Paris
Pâtes capellini CARREFOUR,N/A,pates,75000 Paris
Pâtes linguine CARREFOUR,N/A,pates,75000 Paris
Pâtes tagliatelles CARREFOUR,N/A,pates,75000 Paris
pâtes alimentaires spaghetti CARREFOUR CLASSIC',N/A,pates,75000 Paris
Pâtes spaghetti cuisson rapide CARREFOUR CLASSIC',N/A,pates,75000 Paris
Pâtes spaghetti n°11 moule en bronze CARREFOUR ORIGINAL,N/A,pates,75000 Paris
Pâtes spaghetti blé complet CARREFOUR EXTRA,N/A,pates,75000 Paris
Pâtes d'Alsace Nids à l'Ancienne IGP REFLETS DE FRANCE,N/A,pates,75000 Paris
Pâtes spätzle REFLETS DE FRANCE,N/A,pates,75000 Paris
Pâtes papillons reflets de france REFLETS DE FRANCE,N/A,pates,75000 Paris
Pâtes spaghetti bio CARREFOUR BIO,N/A,pates,75000 Paris
Pâtes spaghetti semi-complets bio CARREFOUR BIO,N/A,pates,75000 Paris
Pâtes Tagliatelle Bio CARREFOUR BIO,N/A,pates,75000 Paris
Pâtes spaghetti sans gluten CARREFOUR NO GLUTEN !,N/A,pates,75000 Paris
Pâtes spaghetti SIMPL,N/A,pates,75000 Paris
Pâtes spaghetti n°5 BARILLA,N/A,pates,75000 Paris
Pâtes capellini n°1 BARILLA,N/A,pates,75000 Paris
Pâtes spaghettoni n°7 BARILLA,N/A,pates,75000 Paris
Pâtes mafaldine collezione BARILLA,N/A,pates,75000 Paris
Pâtes capellini n°1 BARILLA,N/A,pates,75000 Paris
Pâtes spaghettini n°3 BARILLA,N/A,pates,75000 Paris
Pâtes spaghetti n°5 BARILLA,N/A,pates,75000 Paris
Pâtes penne blé complet CARREFOUR EXTRA,N/A,pates,13000 Marseille
Pâtes coquillettes blé complet CARREFOUR EXTRA,N/A,pates,13000 Marseille
Pâtes Coquilettes au Blé Complet Bio CARREFOUR BIO,N/A,pates,13000 Marseille
Pâtes fusilli blé complet bio CARREFOUR BIO,N/A,pates,13000 Marseille
Pâtes farfalle blé complet ALNATURA,N/A,pates,13000 Marseille
Spaghetti ALPINA,N/A,pates,13000 Marseille
Pâtes Tagliatelle blé noir IGP Bretagne MAISON HERMINE,N/A,pates,13000 Marseille
Pâtes spaghetti CARREFOUR,N/A,pates,13000 Marseille
Pâtes capellini CARREFOUR,N/A,pates,13000 Marseille
Pâtes linguine CARREFOUR,N/A,pates,13000 Marseille
Pâtes tagliatelles CARREFOUR,N/A,pates,13000 Marseille
pâtes alimentaires spaghetti CARREFOUR CLASSIC',N/A,pates,13000 Marseille
Pâtes spaghetti cuisson rapide CARREFOUR CLASSIC',N/A,pates,13000 Marseille
Pâtes spaghetti n°11 moule en bronze CARREFOUR ORIGINAL,N/A,pates,13000 Marseille
Pâtes spaghetti blé complet CARREFOUR EXTRA,N/A,pates,13000 Marseille
Pâtes d'Alsace Nids à l'Ancienne IGP REFLETS DE FRANCE,N/A,pates,13000 Marseille
Pâtes spätzle REFLETS DE FRANCE,N/A,pates,13000 Marseille
Pâtes papillons reflets de france REFLETS DE FRANCE,N/A,pates,13000 Marseille
Pâtes spaghetti bio CARREFOUR BIO,N/A,pates,13000 Marseille
Pâtes spaghetti semi-complets bio CARREFOUR BIO,N/A,pates,13000 Marseille
Pâtes Tagliatelle Bio CARREFOUR BIO,N/A,pates,13000 Marseille
Pâtes spaghetti sans gluten CARREFOUR NO GLUTEN !,N/A,pates,13000 Marseille
Pâtes spaghetti SIMPL,N/A,pates,13000 Marseille
Pâtes spaghetti n°5 BARILLA,N/A,pates,13000 Marseille
Pâtes capellini n°1 BARILLA,N/A,pates,13000 Marseille
Pâtes spaghettoni n°7 BARILLA,N/A,pates,13000 Marseille
Pâtes mafaldine collezione BARILLA,N/A,pates,13000 Marseille
Pâtes capellini n°1 BARILLA,N/A,pates,13000 Marseille
Pâtes spaghettini n°3 BARILLA,N/A,pates,13000 Marseille
Pâtes spaghetti n°5 BARILLA,N/A,pates,13000 Marseille
Pâtes penne blé complet CARREFOUR EXTRA,N/A,pates,69000 Lyon
Pâtes coquillettes blé complet CARREFOUR EXTRA,N/A,pates,69000 Lyon
Pâtes Coquilettes au Blé Complet Bio CARREFOUR BIO,N/A,pates,69000 Lyon
Pâtes fusilli blé complet bio CARREFOUR BIO,N/A,pates,69000 Lyon
Pâtes farfalle blé complet ALNATURA,N/A,pates,69000 Lyon
Spaghetti ALPINA,N/A,pates,69000 Lyon
Pâtes Tagliatelle blé noir IGP Bretagne MAISON HERMINE,N/A,pates,69000 Lyon
Pâtes spaghetti CARREFOUR,N/A,pates,69000 Lyon
Pâtes capellini CARREFOUR,N/A,pates,69000 Lyon
Pâtes linguine CARREFOUR,N/A,pates,69000 Lyon
Pâtes tagliatelles CARREFOUR,N/A,pates,69000 Lyon
pâtes alimentaires spaghetti CARREFOUR CLASSIC',N/A,pates,69000 Lyon
Pâtes spaghetti cuisson rapide CARREFOUR CLASSIC',N/A,pates,69000 Lyon
Pâtes spaghetti n°11 moule en bronze CARREFOUR ORIGINAL,N/A,pates,69000 Lyon
Pâtes spaghetti blé complet CARREFOUR EXTRA,N/A,pates,69000 Lyon
Pâtes d'Alsace Nids à l'Ancienne IGP REFLETS DE FRANCE,N/A,pates,69000 Lyon
Pâtes spätzle REFLETS DE FRANCE,N/A,pates,69000 Lyon
Pâtes papillons reflets de france REFLETS DE FRANCE,N/A,pates,69000 Lyon
Pâtes spaghetti bio CARREFOUR BIO,N/A,pates,69000 Lyon
Pâtes spaghetti semi-complets bio CARREFOUR BIO,N/A,pates,69000 Lyon
Pâtes Tagliatelle Bio CARREFOUR BIO,N/A,pates,69000 Lyon
Pâtes spaghetti sans gluten CARREFOUR NO GLUTEN !,N/A,pates,69000 Lyon
Pâtes spaghetti SIMPL,N/A,pates,69000 Lyon
Pâtes spaghetti n°5 BARILLA,N/A,pates,69000 Lyon
Pâtes capellini n°1 BARILLA,N/A,pates,69000 Lyon
Pâtes spaghettoni n°7 BARILLA,N/A,pates,69000 Lyon
Pâtes mafaldine collezione BARILLA,N/A,pates,69000 Lyon
Pâtes capellini n°1 BARILLA,N/A,pates,69000 Lyon
Pâtes spaghettini n°3 BARILLA,N/A,pates,69000 Lyon
Pâtes spaghetti n°5 BARILLA,N/A,pates,69000 Lyon
Pâtes penne blé complet CARREFOUR EXTRA,N/A,pates,31000 Toulouse
Pâtes coquillettes blé complet CARREFOUR EXTRA,N/A,pates,31000 Toulouse
Pâtes Coquilettes au Blé Complet Bio CARREFOUR BIO,N/A,pates,31000 Toulouse
Pâtes fusilli blé complet bio CARREFOUR BIO,N/A,pates,31000 Toulouse
Pâtes farfalle blé complet ALNATURA,N/A,pates,31000 Toulouse
Spaghetti ALPINA,N/A,pates,31000 Toulouse
Pâtes Tagliatelle blé noir IGP Bretagne MAISON HERMINE,N/A,pates,31000 Toulouse
Pâtes spaghetti CARREFOUR,N/A,pates,31000 Toulouse
Pâtes capellini CARREFOUR,N/A,pates,31000 Toulouse
Pâtes linguine CARREFOUR,N/A,pates,31000 Toulouse
Pâtes tagliatelles CARREFOUR,N/A,pates,31000 Toulouse
pâtes alimentaires spaghetti CARREFOUR CLASSIC',N/A,pates,31000 Toulouse
Pâtes spaghetti cuisson rapide CARREFOUR CLASSIC',N/A,pates,31000 Toulouse
Pâtes spaghetti n°11 moule en bronze CARREFOUR ORIGINAL,N/A,pates,31000 Toulouse
Pâtes spaghetti blé complet CARREFOUR EXTRA,N/A,pates,31000 Toulouse
Pâtes d'Alsace Nids à l'Ancienne IGP REFLETS DE FRANCE,N/A,pates,31000 Toulouse
Pâtes spätzle REFLETS DE FRANCE,N/A,pates,31000 Toulouse
Pâtes papillons reflets de france REFLETS DE FRANCE,N/A,pates,31000 Toulouse
Pâtes spaghetti bio CARREFOUR BIO,N/A,pates,31000 Toulouse
Pâtes spaghetti semi-complets bio CARREFOUR BIO,N/A,pates,31000 Toulouse
Pâtes Tagliatelle Bio CARREFOUR BIO,N/A,pates,31000 Toulouse
Pâtes spaghetti sans gluten CARREFOUR NO GLUTEN !,N/A,pates,31000 Toulouse
Pâtes spaghetti SIMPL,N/A,pates,31000 Toulouse
Pâtes spaghetti n°5 BARILLA,N/A,pates,31000 Toulouse
Pâtes capellini n°1 BARILLA,N/A,pates,31000 Toulouse
Pâtes spaghettoni n°7 BARILLA,N/A,pates,31000 Toulouse
Pâtes mafaldine collezione BARILLA,N/A,pates,31000 Toulouse
Pâtes capellini n°1 BARILLA,N/A,pates,31000 Toulouse
Pâtes spaghettini n°3 BARILLA,N/A,pates,31000 Toulouse
Pâtes spaghetti n°5 BARILLA,N/A,pates,31000 Toulouse
Pâtes penne blé complet CARREFOUR EXTRA,N/A,pates,34000 Montpellier
Pâtes coquillettes blé complet CARREFOUR EXTRA,N/A,pates,34000 Montpellier
Pâtes Coquilettes au Blé Complet Bio CARREFOUR BIO,N/A,pates,34000 Montpellier
Pâtes fusilli blé complet bio CARREFOUR BIO,N/A,pates,34000 Montpellier
Pâtes farfalle blé complet ALNATURA,N/A,pates,34000 Montpellier
Spaghetti ALPINA,N/A,pates,34000 Montpellier
Pâtes Tagliatelle blé noir IGP Bretagne MAISON HERMINE,N/A,pates,34000 Montpellier
Pâtes spaghetti CARREFOUR,N/A,pates,34000 Montpellier
Pâtes capellini CARREFOUR,N/A,pates,34000 Montpellier
Pâtes linguine CARREFOUR,N/A,pates,34000 Montpellier
Pâtes tagliatelles CARREFOUR,N/A,pates,34000 Montpellier
pâtes alimentaires spaghetti CARREFOUR CLASSIC',N/A,pates,34000 Montpellier
Pâtes spaghetti cuisson rapide CARREFOUR CLASSIC',N/A,pates,34000 Montpellier
Pâtes spaghetti n°11 moule en bronze CARREFOUR ORIGINAL,N/A,pates,34000 Montpellier
Pâtes spaghetti blé complet CARREFOUR EXTRA,N/A,pates,34000 Montpellier
Pâtes d'Alsace Nids à l'Ancienne IGP REFLETS DE FRANCE,N/A,pates,34000 Montpellier
Pâtes spätzle REFLETS DE FRANCE,N/A,pates,34000 Montpellier
Pâtes papillons reflets de france REFLETS DE FRANCE,N/A,pates,34000 Montpellier
Pâtes spaghetti bio CARREFOUR BIO,N/A,pates,34000 Montpellier
Pâtes spaghetti semi-complets bio CARREFOUR BIO,N/A,pates,34000 Montpellier
Pâtes Tagliatelle Bio CARREFOUR BIO,N/A,pates,34000 Montpellier
Pâtes spaghetti sans gluten CARREFOUR NO GLUTEN !,N/A,pates,34000 Montpellier
Pâtes spaghetti SIMPL,N/A,pates,34000 Montpellier
Pâtes spaghetti n°5 BARILLA,N/A,pates,34000 Montpellier
Pâtes capellini n°1 BARILLA,N/A,pates,34000 Montpellier
Pâtes spaghettoni n°7 BARILLA,N/A,pates,34000 Montpellier
Pâtes mafaldine collezione BARILLA,N/A,pates,34000 Montpellier
Pâtes capellini n°1 BARILLA,N/A,pates,34000 Montpellier
Pâtes spaghettini n°3 BARILLA,N/A,pates,34000 Montpellier
Pâtes spaghetti n°5 BARILLA,N/A,pates,34000 Montpellier
Pâtes penne blé complet CARREFOUR EXTRA,N/A,pates,33000 Bordeaux
Pâtes coquillettes blé complet CARREFOUR EXTRA,N/A,pates,33000 Bordeaux
Pâtes Coquilettes au Blé Complet Bio CARREFOUR BIO,N/A,pates,33000 Bordeaux
Pâtes fusilli blé complet bio CARREFOUR BIO,N/A,pates,33000 Bordeaux
Pâtes farfalle blé complet ALNATURA,N/A,pates,33000 Bordeaux
Spaghetti ALPINA,N/A,pates,33000 Bordeaux
Pâtes Tagliatelle blé noir IGP Bretagne MAISON HERMINE,N/A,pates,33000 Bordeaux
Pâtes spaghetti CARREFOUR,N/A,pates,33000 Bordeaux
Pâtes capellini CARREFOUR,N/A,pates,33000 Bordeaux
Pâtes linguine CARREFOUR,N/A,pates,33000 Bordeaux
Pâtes tagliatelles CARREFOUR,N/A,pates,33000 Bordeaux
pâtes alimentaires spaghetti CARREFOUR CLASSIC',N/A,pates,33000 Bordeaux
Pâtes spaghetti cuisson rapide CARREFOUR CLASSIC',N/A,pates,33000 Bordeaux
Pâtes spaghetti n°11 moule en bronze CARREFOUR ORIGINAL,N/A,pates,33000 Bordeaux
Pâtes spaghetti blé complet CARREFOUR EXTRA,N/A,pates,33000 Bordeaux
Pâtes d'Alsace Nids à l'Ancienne IGP REFLETS DE FRANCE,N/A,pates,33000 Bordeaux
Pâtes spätzle REFLETS DE FRANCE,N/A,pates,33000 Bordeaux
Pâtes papillons reflets de france REFLETS DE FRANCE,N/A,pates,33000 Bordeaux
Pâtes spaghetti bio CARREFOUR BIO,N/A,pates,33000 Bordeaux
Pâtes spaghetti semi-complets bio CARREFOUR BIO,N/A,pates,33000 Bordeaux
Pâtes Tagliatelle Bio CARREFOUR BIO,N/A,pates,33000 Bordeaux
Pâtes spaghetti sans gluten CARREFOUR NO GLUTEN !,N/A,pates,33000 Bordeaux
Pâtes spaghetti SIMPL,N/A,pates,33000 Bordeaux
Pâtes spaghetti n°5 BARILLA,N/A,pates,33000 Bordeaux
Pâtes capellini n°1 BARILLA,N/A,pates,33000 Bordeaux
Pâtes spaghettoni n°7 BARILLA,N/A,pates,33000 Bordeaux
Pâtes mafaldine collezione BARILLA,N/A,pates,33000 Bordeaux
Pâtes capellini n°1 BARILLA,N/A,pates,33000 Bordeaux
Pâtes spaghettini n°3 BARILLA,N/A,pates,33000 Bordeaux
Pâtes spaghetti n°5 BARILLA,N/A,pates,33000 Bordeaux
Pâtes penne blé complet CARREFOUR EXTRA,N/A,pates,59000 Lille
Pâtes coquillettes blé complet CARREFOUR EXTRA,N/A,pates,59000 Lille
Pâtes Coquilettes au Blé Complet Bio CARREFOUR BIO,N/A,pates,59000 Lille
Pâtes fusilli blé complet bio CARREFOUR BIO,N/A,pates,59000 Lille
Pâtes farfalle blé complet ALNATURA,N/A,pates,59000 Lille
Spaghetti ALPINA,N/A,pates,59000 Lille
Pâtes Tagliatelle blé noir IGP Bretagne MAISON HERMINE,N/A,pates,59000 Lille
Pâtes spaghetti CARREFOUR,N/A,pates,59000 Lille
Pâtes capellini CARREFOUR,N/A,pates,59000 Lille
Pâtes linguine CARREFOUR,N/A,pates,59000 Lille
Pâtes tagliatelles CARREFOUR,N/A,pates,59000 Lille
pâtes alimentaires spaghetti CARREFOUR CLASSIC',N/A,pates,59000 Lille
Pâtes spaghetti cuisson rapide CARREFOUR CLASSIC',N/A,pates,59000 Lille
Pâtes spaghetti n°11 moule en bronze CARREFOUR ORIGINAL,N/A,pates,59000 Lille
Pâtes spaghetti blé complet CARREFOUR EXTRA,N/A,pates,59000 Lille
Pâtes d'Alsace Nids à l'Ancienne IGP REFLETS DE FRANCE,N/A,pates,59000 Lille
Pâtes spätzle REFLETS DE FRANCE,N/A,pates,59000 Lille
Pâtes papillons reflets de france REFLETS DE FRANCE,N/A,pates,59000 Lille
Pâtes spaghetti bio CARREFOUR BIO,N/A,pates,59000 Lille
Pâtes spaghetti semi-complets bio CARREFOUR BIO,N/A,pates,59000 Lille
Pâtes Tagliatelle Bio CARREFOUR BIO,N/A,pates,59000 Lille
Pâtes spaghetti sans gluten CARREFOUR NO GLUTEN !,N/A,pates,59000 Lille
Pâtes spaghetti SIMPL,N/A,pates,59000 Lille
Pâtes spaghetti n°5 BARILLA,N/A,pates,59000 Lille
Pâtes capellini n°1 BARILLA,N/A,pates,59000 Lille
Pâtes spaghettoni n°7 BARILLA,N/A,pates,59000 Lille
Pâtes mafaldine collezione BARILLA,N/A,pates,59000 Lille
Pâtes capellini n°1 BARILLA,N/A,pates,59000 Lille
Pâtes spaghettini n°3 BARILLA,N/A,pates,59000 Lille
Pâtes spaghetti n°5 BARILLA,N/A,pates,59000 Lille
Pâtes penne blé complet CARREFOUR EXTRA,N/A,pates,67000 Strasbourg
Pâtes coquillettes blé complet CARREFOUR EXTRA,N/A,pates,67000 Strasbourg
Pâtes Coquilettes au Blé Complet Bio CARREFOUR BIO,N/A,pates,67000 Strasbourg
Pâtes fusilli blé complet bio CARREFOUR BIO,N/A,pates,67000 Strasbourg
Pâtes farfalle blé complet ALNATURA,N/A,pates,67000 Strasbourg
Spaghetti ALPINA,N/A,pates,67000 Strasbourg
Pâtes Tagliatelle blé noir IGP Bretagne MAISON HERMINE,N/A,pates,67000 Strasbourg
Pâtes spaghetti CARREFOUR,N/A,pates,67000 Strasbourg
Pâtes capellini CARREFOUR,N/A,pates,67000 Strasbourg
Pâtes linguine CARREFOUR,N/A,pates,67000 Strasbourg
Pâtes tagliatelles CARREFOUR,N/A,pates,67000 Strasbourg
pâtes alimentaires spaghetti CARREFOUR CLASSIC',N/A,pates,67000 Strasbourg
Pâtes spaghetti cuisson rapide CARREFOUR CLASSIC',N/A,pates,67000 Strasbourg
Pâtes spaghetti n°11 moule en bronze CARREFOUR ORIGINAL,N/A,pates,67000 Strasbourg
Pâtes spaghetti blé complet CARREFOUR EXTRA,N/A,pates,67000 Strasbourg
Pâtes d'Alsace Nids à l'Ancienne IGP REFLETS DE FRANCE,N/A,pates,67000 Strasbourg
Pâtes spätzle REFLETS DE FRANCE,N/A,pates,67000 Strasbourg
Pâtes papillons reflets de france REFLETS DE FRANCE,N/A,pates,67000 Strasbourg
Pâtes spaghetti bio CARREFOUR BIO,N/A,pates,67000 Strasbourg
Pâtes spaghetti semi-complets bio CARREFOUR BIO,N/A,pates,67000 Strasbourg
Pâtes Tagliatelle Bio CARREFOUR BIO,N/A,pates,67000 Strasbourg
Pâtes spaghetti sans gluten CARREFOUR NO GLUTEN !,N/A,pates,67000 Strasbourg
Pâtes spaghetti SIMPL,N/A,pates,67000 Strasbourg
Pâtes spaghetti n°5 BARILLA,N/A,pates,67000 Strasbourg
Pâtes capellini n°1 BARILLA,N/A,pates,67000 Strasbourg
Pâtes spaghettoni n°7 BARILLA,N/A,pates,67000 Strasbourg
Pâtes mafaldine collezione BARILLA,N/A,pates,67000 Strasbourg
Pâtes capellini n°1 BARILLA,N/A,pates,67000 Strasbourg
Pâtes spaghettini n°3 BARILLA,N/A,pates,67000 Strasbourg
Pâtes spaghetti n°5 BARILLA,N/A,pates,67000 Strasbourg
